{
    "version": "2.0.0",
    "tasks": [
      {
        "identifier": "ng serve",
        "type": "npm",
        "script": "start",
        "problemMatcher": [],
        "group": {
          "kind": "build",
          "isDefault": true
        }
      },
      {
        "identifier": "ng test",
        "type": "npm",
        "script": "test",
        "problemMatcher": [],
        "group": {
          "kind": "test",
          "isDefault": true
        }
      }
    ]
  }